-- MySQL dump 10.13  Distrib 8.0.25, for Linux (x86_64)
--
-- Host: localhost    Database: se2_bertelli_savino_vinati
-- ------------------------------------------------------
-- Server version	8.0.27-0ubuntu0.20.04.1

/*!40101 SET @OLD_CHARACTER_SET_CLIENT=@@CHARACTER_SET_CLIENT */;
/*!40101 SET @OLD_CHARACTER_SET_RESULTS=@@CHARACTER_SET_RESULTS */;
/*!40101 SET @OLD_COLLATION_CONNECTION=@@COLLATION_CONNECTION */;
/*!50503 SET NAMES utf8 */;
/*!40103 SET @OLD_TIME_ZONE=@@TIME_ZONE */;
/*!40103 SET TIME_ZONE='+00:00' */;
/*!40014 SET @OLD_UNIQUE_CHECKS=@@UNIQUE_CHECKS, UNIQUE_CHECKS=0 */;
/*!40014 SET @OLD_FOREIGN_KEY_CHECKS=@@FOREIGN_KEY_CHECKS, FOREIGN_KEY_CHECKS=0 */;
/*!40101 SET @OLD_SQL_MODE=@@SQL_MODE, SQL_MODE='NO_AUTO_VALUE_ON_ZERO' */;
/*!40111 SET @OLD_SQL_NOTES=@@SQL_NOTES, SQL_NOTES=0 */;

--
-- Table structure for table `answer`
--

DROP TABLE IF EXISTS `answer`;
/*!40101 SET @saved_cs_client     = @@character_set_client */;
/*!50503 SET character_set_client = utf8mb4 */;
CREATE TABLE `answer` (
  `id` int NOT NULL AUTO_INCREMENT,
  `idrequest` int NOT NULL,
  `idreplier` int NOT NULL,
  `comment` varchar(500) NOT NULL,
  `datehour` datetime NOT NULL DEFAULT CURRENT_TIMESTAMP,
  PRIMARY KEY (`id`),
  UNIQUE KEY `id_UNIQUE` (`id`),
  KEY `FK_request_answer_idx` (`idrequest`),
  KEY `FK_replier_answer_idx` (`idreplier`),
  CONSTRAINT `FK_replier_answer` FOREIGN KEY (`idreplier`) REFERENCES `user` (`id`) ON UPDATE CASCADE,
  CONSTRAINT `FK_request_answer` FOREIGN KEY (`idrequest`) REFERENCES `request` (`id`) ON DELETE CASCADE ON UPDATE CASCADE
) ENGINE=InnoDB AUTO_INCREMENT=5 DEFAULT CHARSET=utf8mb4 COLLATE=utf8mb4_0900_ai_ci;
/*!40101 SET character_set_client = @saved_cs_client */;

--
-- Dumping data for table `answer`
--

LOCK TABLES `answer` WRITE;
/*!40000 ALTER TABLE `answer` DISABLE KEYS */;
INSERT INTO `answer` VALUES (3,1,3,'I can help! Let\'s meet tomorrow morning.','2022-01-25 13:29:00'),(4,2,3,'Here you go.  This is my precious advice for you.','2022-01-25 13:29:00');
/*!40000 ALTER TABLE `answer` ENABLE KEYS */;
UNLOCK TABLES;

--
-- Table structure for table `area`
--

DROP TABLE IF EXISTS `area`;
/*!40101 SET @saved_cs_client     = @@character_set_client */;
/*!50503 SET character_set_client = utf8mb4 */;
CREATE TABLE `area` (
  `id` int NOT NULL AUTO_INCREMENT,
  `name` varchar(45) NOT NULL,
  `idagronomist` int DEFAULT NULL,
  PRIMARY KEY (`id`),
  UNIQUE KEY `id_UNIQUE` (`id`),
  KEY `FK_agronomist_area_idx` (`idagronomist`),
  CONSTRAINT `FK_agronomist_area` FOREIGN KEY (`idagronomist`) REFERENCES `user` (`id`) ON DELETE SET NULL ON UPDATE CASCADE
) ENGINE=InnoDB AUTO_INCREMENT=4 DEFAULT CHARSET=utf8mb4 COLLATE=utf8mb4_0900_ai_ci;
/*!40101 SET character_set_client = @saved_cs_client */;

--
-- Dumping data for table `area`
--

LOCK TABLES `area` WRITE;
/*!40000 ALTER TABLE `area` DISABLE KEYS */;
INSERT INTO `area` VALUES (1,'Area1',2),(2,'Area2',8),(3,'Area3',10);
/*!40000 ALTER TABLE `area` ENABLE KEYS */;
UNLOCK TABLES;

--
-- Table structure for table `dailyplan`
--

DROP TABLE IF EXISTS `dailyplan`;
/*!40101 SET @saved_cs_client     = @@character_set_client */;
/*!50503 SET character_set_client = utf8mb4 */;
CREATE TABLE `dailyplan` (
  `id` int NOT NULL AUTO_INCREMENT,
  `date` date NOT NULL,
  `idagronomist` int NOT NULL,
  PRIMARY KEY (`id`),
  UNIQUE KEY `id_UNIQUE` (`id`),
  KEY `FK_agronomist_idx` (`idagronomist`),
  CONSTRAINT `FK_agronomist_dailyplan` FOREIGN KEY (`idagronomist`) REFERENCES `user` (`id`) ON DELETE CASCADE ON UPDATE CASCADE
) ENGINE=InnoDB AUTO_INCREMENT=3 DEFAULT CHARSET=utf8mb4 COLLATE=utf8mb4_0900_ai_ci;
/*!40101 SET character_set_client = @saved_cs_client */;

--
-- Dumping data for table `dailyplan`
--

LOCK TABLES `dailyplan` WRITE;
/*!40000 ALTER TABLE `dailyplan` DISABLE KEYS */;
INSERT INTO `dailyplan` VALUES (1,'2022-01-26',2),(2,'2022-02-01',2);
/*!40000 ALTER TABLE `dailyplan` ENABLE KEYS */;
UNLOCK TABLES;

--
-- Table structure for table `discussion`
--

DROP TABLE IF EXISTS `discussion`;
/*!40101 SET @saved_cs_client     = @@character_set_client */;
/*!50503 SET character_set_client = utf8mb4 */;
CREATE TABLE `discussion` (
  `id` int NOT NULL AUTO_INCREMENT,
  `title` varchar(100) NOT NULL,
  `idfarmer` int NOT NULL,
  `datehour` datetime NOT NULL DEFAULT CURRENT_TIMESTAMP,
  PRIMARY KEY (`id`),
  UNIQUE KEY `id_UNIQUE` (`id`),
  KEY `FK_farmer_discussion_idx` (`idfarmer`),
  CONSTRAINT `FK_farmer_discussion` FOREIGN KEY (`idfarmer`) REFERENCES `user` (`id`) ON UPDATE CASCADE
) ENGINE=InnoDB AUTO_INCREMENT=180 DEFAULT CHARSET=utf8mb4 COLLATE=utf8mb4_0900_ai_ci;
/*!40101 SET character_set_client = @saved_cs_client */;

--
-- Dumping data for table `discussion`
--

LOCK TABLES `discussion` WRITE;
/*!40000 ALTER TABLE `discussion` DISABLE KEYS */;
INSERT INTO `discussion` VALUES (1,'Miscellanea',3,'2022-01-25 13:32:20'),(175,'TESTDISCUSSION',3,'2022-02-06 17:06:58'),(176,'TESTPOST',3,'2022-02-06 17:06:58'),(177,'TESTPOST2',3,'2022-02-06 17:06:58'),(178,'TESTPOST3',3,'2022-02-06 17:06:59'),(179,'TESTPOST4',3,'2022-02-06 17:06:59');
/*!40000 ALTER TABLE `discussion` ENABLE KEYS */;
UNLOCK TABLES;

--
-- Table structure for table `farm`
--

DROP TABLE IF EXISTS `farm`;
/*!40101 SET @saved_cs_client     = @@character_set_client */;
/*!50503 SET character_set_client = utf8mb4 */;
CREATE TABLE `farm` (
  `id` int NOT NULL AUTO_INCREMENT,
  `address` varchar(45) NOT NULL,
  `dimension` int NOT NULL,
  `idarea` int NOT NULL,
  `idfarmer` int DEFAULT NULL,
  PRIMARY KEY (`id`),
  UNIQUE KEY `id_UNIQUE` (`id`),
  KEY `FK_area_idx` (`idarea`),
  KEY `FK_farmer_farm_idx` (`idfarmer`),
  CONSTRAINT `FK_area_farm` FOREIGN KEY (`idarea`) REFERENCES `area` (`id`) ON DELETE CASCADE ON UPDATE CASCADE,
  CONSTRAINT `FK_farmer_farm` FOREIGN KEY (`idfarmer`) REFERENCES `user` (`id`) ON DELETE SET NULL ON UPDATE CASCADE
) ENGINE=InnoDB AUTO_INCREMENT=8 DEFAULT CHARSET=utf8mb4 COLLATE=utf8mb4_0900_ai_ci;
/*!40101 SET character_set_client = @saved_cs_client */;

--
-- Dumping data for table `farm`
--

LOCK TABLES `farm` WRITE;
/*!40000 ALTER TABLE `farm` DISABLE KEYS */;
INSERT INTO `farm` VALUES (1,'Address1',200,1,3),(2,'Address2',400,1,4),(3,'Address3',200,2,5),(4,'Address4',300,1,6),(5,'Address5',100,2,7),(6,'Address6',150,3,9),(7,'Address7',185,3,11);
/*!40000 ALTER TABLE `farm` ENABLE KEYS */;
UNLOCK TABLES;

--
-- Table structure for table `forecast`
--

DROP TABLE IF EXISTS `forecast`;
/*!40101 SET @saved_cs_client     = @@character_set_client */;
/*!50503 SET character_set_client = utf8mb4 */;
CREATE TABLE `forecast` (
  `id` int NOT NULL AUTO_INCREMENT,
  `date` date NOT NULL,
  `idarea` int NOT NULL,
  `classification` int NOT NULL,
  `value` int NOT NULL,
  `creationdate` date NOT NULL,
  PRIMARY KEY (`id`),
  UNIQUE KEY `id_UNIQUE` (`id`),
  KEY `FK_area_forecast_idx` (`idarea`),
  CONSTRAINT `FK_area_forecast` FOREIGN KEY (`idarea`) REFERENCES `area` (`id`) ON DELETE CASCADE ON UPDATE CASCADE
) ENGINE=InnoDB AUTO_INCREMENT=1001 DEFAULT CHARSET=utf8mb4 COLLATE=utf8mb4_0900_ai_ci;
/*!40101 SET character_set_client = @saved_cs_client */;

--
-- Dumping data for table `forecast`
--

LOCK TABLES `forecast` WRITE;
/*!40000 ALTER TABLE `forecast` DISABLE KEYS */;
INSERT INTO `forecast` VALUES (1,'2022-02-28',2,1,151,'2022-02-13'),(2,'2021-09-14',3,2,89,'2021-08-30'),(3,'2022-02-08',1,3,44,'2022-01-24'),(4,'2022-01-12',2,4,4,'2021-12-28'),(5,'2021-04-23',3,5,1,'2021-04-08'),(6,'2021-09-05',1,6,0,'2021-08-21'),(7,'2021-04-30',2,0,222,'2021-04-15'),(8,'2021-07-06',3,1,154,'2021-06-21'),(9,'2021-07-23',1,2,81,'2021-07-08'),(10,'2021-04-13',2,3,47,'2021-03-29'),(11,'2021-12-08',3,4,6,'2021-11-23'),(12,'2021-10-02',1,5,2,'2021-09-17'),(13,'2021-02-20',2,6,0,'2021-02-05'),(14,'2021-12-24',3,0,224,'2021-12-09'),(15,'2021-09-17',1,1,154,'2021-09-02'),(16,'2021-10-13',2,2,81,'2021-09-28'),(17,'2021-10-03',3,3,42,'2021-09-18'),(18,'2022-02-19',1,4,6,'2022-02-04'),(19,'2021-12-20',2,5,1,'2021-12-05'),(20,'2021-06-22',3,6,0,'2021-06-07'),(21,'2021-03-17',1,0,220,'2021-03-02'),(22,'2021-08-04',2,1,160,'2021-07-20'),(23,'2021-04-05',3,2,82,'2021-03-21'),(24,'2021-04-21',1,3,50,'2021-04-06'),(25,'2021-10-25',2,4,4,'2021-10-10'),(26,'2021-04-08',3,5,1,'2021-03-24'),(27,'2021-10-24',1,6,0,'2021-10-09'),(28,'2021-11-10',2,0,223,'2021-10-26'),(29,'2021-10-14',3,1,156,'2021-09-29'),(30,'2021-12-26',1,2,89,'2021-12-11'),(31,'2021-05-21',2,3,41,'2021-05-06'),(32,'2021-08-13',3,4,10,'2021-07-29'),(33,'2021-02-15',1,5,1,'2021-01-31'),(34,'2022-01-10',2,6,0,'2021-12-26'),(35,'2021-09-03',3,0,224,'2021-08-19'),(36,'2021-07-25',1,1,152,'2021-07-10'),(37,'2021-12-05',2,2,84,'2021-11-20'),(38,'2021-07-25',3,3,50,'2021-07-10'),(39,'2022-01-18',1,4,9,'2022-01-03'),(40,'2022-01-26',2,5,1,'2022-01-11'),(41,'2021-11-25',3,6,0,'2021-11-10'),(42,'2022-02-18',1,0,230,'2022-02-03'),(43,'2021-02-08',2,1,150,'2021-01-24'),(44,'2021-07-13',3,2,85,'2021-06-28'),(45,'2021-02-02',1,3,42,'2021-01-18'),(46,'2021-08-19',2,4,10,'2021-08-04'),(47,'2021-09-29',3,5,2,'2021-09-14'),(48,'2021-10-22',1,6,0,'2021-10-07'),(49,'2022-01-27',2,0,226,'2022-01-12'),(50,'2021-05-02',3,1,157,'2021-04-17'),(51,'2021-03-15',1,2,82,'2021-02-28'),(52,'2022-01-17',2,3,42,'2022-01-02'),(53,'2021-10-30',3,4,7,'2021-10-15'),(54,'2021-09-30',1,5,1,'2021-09-15'),(55,'2021-12-16',2,6,0,'2021-12-01'),(56,'2021-10-08',3,0,230,'2021-09-23'),(57,'2021-07-09',1,1,152,'2021-06-24'),(58,'2021-12-08',2,2,86,'2021-11-23'),(59,'2021-12-05',3,3,44,'2021-11-20'),(60,'2022-01-10',1,4,8,'2021-12-26'),(61,'2021-11-03',2,5,1,'2021-10-19'),(62,'2021-11-14',3,6,0,'2021-10-30'),(63,'2021-09-08',1,0,223,'2021-08-24'),(64,'2021-12-08',2,1,153,'2021-11-23'),(65,'2021-12-18',3,2,83,'2021-12-03'),(66,'2021-02-11',1,3,43,'2021-01-27'),(67,'2022-01-15',2,4,7,'2021-12-31'),(68,'2021-02-21',3,5,2,'2021-02-06'),(69,'2021-12-21',1,6,0,'2021-12-06'),(70,'2021-05-04',2,0,225,'2021-04-19'),(71,'2021-04-18',3,1,156,'2021-04-03'),(72,'2021-02-14',1,2,87,'2021-01-30'),(73,'2021-04-08',2,3,43,'2021-03-24'),(74,'2021-11-27',3,4,8,'2021-11-12'),(75,'2021-08-30',1,5,1,'2021-08-15'),(76,'2021-12-05',2,6,0,'2021-11-20'),(77,'2021-04-03',3,0,225,'2021-03-19'),(78,'2021-11-27',1,1,152,'2021-11-12'),(79,'2021-03-12',2,2,87,'2021-02-25'),(80,'2022-01-07',3,3,47,'2021-12-23'),(81,'2021-12-19',1,4,10,'2021-12-04'),(82,'2021-02-08',2,5,2,'2021-01-24'),(83,'2021-08-26',3,6,0,'2021-08-11'),(84,'2021-04-27',1,0,229,'2021-04-12'),(85,'2021-05-22',2,1,153,'2021-05-07'),(86,'2021-02-15',3,2,84,'2021-01-31'),(87,'2021-06-23',1,3,43,'2021-06-08'),(88,'2021-06-03',2,4,9,'2021-05-19'),(89,'2021-05-25',3,5,2,'2021-05-10'),(90,'2021-05-04',1,6,0,'2021-04-19'),(91,'2021-10-09',2,0,220,'2021-09-24'),(92,'2021-03-30',3,1,160,'2021-03-15'),(93,'2022-01-31',1,2,80,'2022-01-16'),(94,'2021-11-29',2,3,48,'2021-11-14'),(95,'2022-01-05',3,4,4,'2021-12-21'),(96,'2021-08-09',1,5,1,'2021-07-25'),(97,'2021-08-16',2,6,0,'2021-08-01'),(98,'2021-06-25',3,0,225,'2021-06-10'),(99,'2021-06-04',1,1,157,'2021-05-20'),(100,'2021-03-23',2,2,88,'2021-03-08'),(101,'2021-07-23',3,3,48,'2021-07-08'),(102,'2021-02-17',1,4,5,'2021-02-02'),(103,'2021-03-25',2,5,2,'2021-03-10'),(104,'2021-06-24',3,6,0,'2021-06-09'),(105,'2021-11-30',1,0,224,'2021-11-15'),(106,'2021-07-08',2,1,154,'2021-06-23'),(107,'2021-08-09',3,2,88,'2021-07-25'),(108,'2021-11-27',1,3,46,'2021-11-12'),(109,'2021-09-11',2,4,9,'2021-08-27'),(110,'2021-08-16',3,5,1,'2021-08-01'),(111,'2021-03-27',1,6,0,'2021-03-12'),(112,'2021-07-02',2,0,227,'2021-06-17'),(113,'2021-03-07',3,1,152,'2021-02-20'),(114,'2021-06-28',1,2,88,'2021-06-13'),(115,'2021-09-09',2,3,47,'2021-08-25'),(116,'2021-08-25',3,4,5,'2021-08-10'),(117,'2021-06-16',1,5,2,'2021-06-01'),(118,'2021-12-07',2,6,0,'2021-11-22'),(119,'2021-03-21',3,0,222,'2021-03-06'),(120,'2021-02-09',1,1,157,'2021-01-25'),(121,'2021-05-06',2,2,84,'2021-04-21'),(122,'2021-05-26',3,3,48,'2021-05-11'),(123,'2021-12-05',1,4,9,'2021-11-20'),(124,'2021-03-11',2,5,2,'2021-02-24'),(125,'2021-03-05',3,6,0,'2021-02-18'),(126,'2021-05-29',1,0,221,'2021-05-14'),(127,'2021-02-15',2,1,160,'2021-01-31'),(128,'2021-06-02',3,2,87,'2021-05-18'),(129,'2021-08-20',1,3,46,'2021-08-05'),(130,'2021-03-31',2,4,6,'2021-03-16'),(131,'2022-02-06',3,5,1,'2022-01-22'),(132,'2021-07-15',1,6,0,'2021-06-30'),(133,'2021-07-14',2,0,230,'2021-06-29'),(134,'2021-12-16',3,1,155,'2021-12-01'),(135,'2021-11-25',1,2,81,'2021-11-10'),(136,'2021-08-02',2,3,48,'2021-07-18'),(137,'2022-02-20',3,4,8,'2022-02-05'),(138,'2021-08-29',1,5,1,'2021-08-14'),(139,'2022-02-16',2,6,0,'2022-02-01'),(140,'2021-04-16',3,0,225,'2021-04-01'),(141,'2021-05-05',1,1,157,'2021-04-20'),(142,'2021-10-28',2,2,87,'2021-10-13'),(143,'2021-02-28',3,3,41,'2021-02-13'),(144,'2021-04-28',1,4,10,'2021-04-13'),(145,'2021-07-06',2,5,2,'2021-06-21'),(146,'2021-07-23',3,6,0,'2021-07-08'),(147,'2021-11-23',1,0,225,'2021-11-08'),(148,'2021-11-24',2,1,150,'2021-11-09'),(149,'2021-02-26',3,2,90,'2021-02-11'),(150,'2021-09-29',1,3,41,'2021-09-14'),(151,'2021-04-04',2,4,7,'2021-03-20'),(152,'2021-12-13',3,5,2,'2021-11-28'),(153,'2021-05-19',1,6,0,'2021-05-04'),(154,'2021-05-28',2,0,220,'2021-05-13'),(155,'2021-04-26',3,1,151,'2021-04-11'),(156,'2021-04-15',1,2,90,'2021-03-31'),(157,'2022-02-06',2,3,44,'2022-01-22'),(158,'2022-01-18',3,4,10,'2022-01-03'),(159,'2021-03-17',1,5,1,'2021-03-02'),(160,'2021-04-15',2,6,0,'2021-03-31'),(161,'2022-01-19',3,0,228,'2022-01-04'),(162,'2021-10-29',1,1,155,'2021-10-14'),(163,'2021-04-20',2,2,88,'2021-04-05'),(164,'2021-03-29',3,3,47,'2021-03-14'),(165,'2021-08-23',1,4,5,'2021-08-08'),(166,'2021-07-28',2,5,2,'2021-07-13'),(167,'2022-02-20',3,6,0,'2022-02-05'),(168,'2021-07-01',1,0,227,'2021-06-16'),(169,'2021-03-25',2,1,151,'2021-03-10'),(170,'2022-01-07',3,2,80,'2021-12-23'),(171,'2022-02-13',1,3,41,'2022-01-29'),(172,'2022-01-20',2,4,7,'2022-01-05'),(173,'2021-04-09',3,5,1,'2021-03-25'),(174,'2022-02-21',1,6,0,'2022-02-06'),(175,'2022-02-15',2,0,230,'2022-01-31'),(176,'2021-06-04',3,1,152,'2021-05-20'),(177,'2021-08-27',1,2,89,'2021-08-12'),(178,'2021-10-08',2,3,48,'2021-09-23'),(179,'2021-07-30',3,4,7,'2021-07-15'),(180,'2021-07-19',1,5,2,'2021-07-04'),(181,'2022-02-09',2,6,0,'2022-01-25'),(182,'2021-09-27',3,0,230,'2021-09-12'),(183,'2021-08-03',1,1,159,'2021-07-19'),(184,'2021-08-09',2,2,81,'2021-07-25'),(185,'2021-12-04',3,3,42,'2021-11-19'),(186,'2021-12-18',1,4,10,'2021-12-03'),(187,'2021-05-20',2,5,2,'2021-05-05'),(188,'2021-08-29',3,6,0,'2021-08-14'),(189,'2021-11-04',1,0,230,'2021-10-20'),(190,'2021-04-27',2,1,155,'2021-04-12'),(191,'2021-11-15',3,2,82,'2021-10-31'),(192,'2021-10-19',1,3,50,'2021-10-04'),(193,'2021-09-28',2,4,5,'2021-09-13'),(194,'2021-02-07',3,5,1,'2021-01-23'),(195,'2022-01-31',1,6,0,'2022-01-16'),(196,'2021-09-06',2,0,229,'2021-08-22'),(197,'2021-11-14',3,1,160,'2021-10-30'),(198,'2021-06-28',1,2,87,'2021-06-13'),(199,'2021-03-01',2,3,40,'2021-02-14'),(200,'2021-12-21',3,4,4,'2021-12-06'),(201,'2021-06-08',1,5,1,'2021-05-24'),(202,'2021-07-22',2,6,0,'2021-07-07'),(203,'2021-05-23',3,0,222,'2021-05-08'),(204,'2022-02-06',1,1,153,'2022-01-22'),(205,'2021-03-29',2,2,87,'2021-03-14'),(206,'2021-03-07',3,3,44,'2021-02-20'),(207,'2022-01-29',1,4,4,'2022-01-14'),(208,'2021-02-23',2,5,1,'2021-02-08'),(209,'2022-02-03',3,6,0,'2022-01-19'),(210,'2021-09-07',1,0,228,'2021-08-23'),(211,'2021-11-15',2,1,157,'2021-10-31'),(212,'2021-02-20',3,2,84,'2021-02-05'),(213,'2021-07-29',1,3,49,'2021-07-14'),(214,'2021-10-26',2,4,6,'2021-10-11'),(215,'2021-07-04',3,5,1,'2021-06-19'),(216,'2021-02-16',1,6,0,'2021-02-01'),(217,'2021-09-15',2,0,230,'2021-08-31'),(218,'2021-11-03',3,1,156,'2021-10-19'),(219,'2022-02-20',1,2,80,'2022-02-05'),(220,'2021-12-19',2,3,41,'2021-12-04'),(221,'2021-03-02',3,4,4,'2021-02-15'),(222,'2021-03-17',1,5,1,'2021-03-02'),(223,'2021-09-15',2,6,0,'2021-08-31'),(224,'2021-04-04',3,0,225,'2021-03-20'),(225,'2022-02-27',1,1,158,'2022-02-12'),(226,'2021-03-06',2,2,89,'2021-02-19'),(227,'2022-02-09',3,3,42,'2022-01-25'),(228,'2021-08-19',1,4,6,'2021-08-04'),(229,'2021-11-06',2,5,1,'2021-10-22'),(230,'2021-09-08',3,6,0,'2021-08-24'),(231,'2021-03-31',1,0,228,'2021-03-16'),(232,'2021-12-19',2,1,151,'2021-12-04'),(233,'2021-03-13',3,2,81,'2021-02-26'),(234,'2021-02-25',1,3,46,'2021-02-10'),(235,'2022-02-22',2,4,8,'2022-02-07'),(236,'2021-02-26',3,5,1,'2021-02-11'),(237,'2021-10-24',1,6,0,'2021-10-09'),(238,'2021-08-07',2,0,222,'2021-07-23'),(239,'2021-05-02',3,1,155,'2021-04-17'),(240,'2021-12-16',1,2,80,'2021-12-01'),(241,'2021-09-12',2,3,44,'2021-08-28'),(242,'2021-06-10',3,4,10,'2021-05-26'),(243,'2021-12-30',1,5,1,'2021-12-15'),(244,'2022-02-23',2,6,0,'2022-02-08'),(245,'2021-02-08',3,0,229,'2021-01-24'),(246,'2021-12-06',1,1,160,'2021-11-21'),(247,'2022-01-29',2,2,89,'2022-01-14'),(248,'2021-03-09',3,3,42,'2021-02-22'),(249,'2021-03-20',1,4,9,'2021-03-05'),(250,'2021-08-25',2,5,2,'2021-08-10'),(251,'2021-03-15',3,6,0,'2021-02-28'),(252,'2022-01-08',1,0,227,'2021-12-24'),(253,'2021-02-17',2,1,153,'2021-02-02'),(254,'2021-05-08',3,2,80,'2021-04-23'),(255,'2021-07-27',1,3,40,'2021-07-12'),(256,'2021-02-24',2,4,10,'2021-02-09'),(257,'2021-06-09',3,5,1,'2021-05-25'),(258,'2021-09-20',1,6,0,'2021-09-05'),(259,'2021-12-20',2,0,226,'2021-12-05'),(260,'2021-04-25',3,1,158,'2021-04-10'),(261,'2021-10-11',1,2,89,'2021-09-26'),(262,'2021-07-29',2,3,43,'2021-07-14'),(263,'2021-09-12',3,4,9,'2021-08-28'),(264,'2021-11-08',1,5,1,'2021-10-24'),(265,'2021-12-29',2,6,0,'2021-12-14'),(266,'2021-07-14',3,0,221,'2021-06-29'),(267,'2021-11-21',1,1,158,'2021-11-06'),(268,'2021-03-27',2,2,90,'2021-03-12'),(269,'2021-07-02',3,3,45,'2021-06-17'),(270,'2021-02-27',1,4,10,'2021-02-12'),(271,'2021-03-24',2,5,1,'2021-03-09'),(272,'2021-08-13',3,6,0,'2021-07-29'),(273,'2021-12-17',1,0,229,'2021-12-02'),(274,'2021-12-10',2,1,157,'2021-11-25'),(275,'2021-07-28',3,2,81,'2021-07-13'),(276,'2021-05-13',1,3,47,'2021-04-28'),(277,'2021-09-08',2,4,4,'2021-08-24'),(278,'2022-01-30',3,5,2,'2022-01-15'),(279,'2021-12-22',1,6,0,'2021-12-07'),(280,'2021-12-24',2,0,220,'2021-12-09'),(281,'2021-04-06',3,1,150,'2021-03-22'),(282,'2021-03-22',1,2,80,'2021-03-07'),(283,'2021-04-03',2,3,48,'2021-03-19'),(284,'2021-05-02',3,4,9,'2021-04-17'),(285,'2021-04-28',1,5,2,'2021-04-13'),(286,'2021-06-05',2,6,0,'2021-05-21'),(287,'2021-10-25',3,0,225,'2021-10-10'),(288,'2021-12-07',1,1,152,'2021-11-22'),(289,'2021-04-13',2,2,87,'2021-03-29'),(290,'2021-11-30',3,3,50,'2021-11-15'),(291,'2021-12-17',1,4,8,'2021-12-02'),(292,'2021-12-02',2,5,1,'2021-11-17'),(293,'2021-10-19',3,6,0,'2021-10-04'),(294,'2021-02-18',1,0,222,'2021-02-03'),(295,'2021-07-09',2,1,159,'2021-06-24'),(296,'2021-05-16',3,2,81,'2021-05-01'),(297,'2021-04-14',1,3,45,'2021-03-30'),(298,'2021-10-18',2,4,9,'2021-10-03'),(299,'2021-04-20',3,5,2,'2021-04-05'),(300,'2022-01-29',1,6,0,'2022-01-14'),(301,'2022-01-20',2,0,230,'2022-01-05'),(302,'2022-02-15',3,1,155,'2022-01-31'),(303,'2021-04-01',1,2,89,'2021-03-17'),(304,'2021-12-08',2,3,44,'2021-11-23'),(305,'2021-07-20',3,4,4,'2021-07-05'),(306,'2021-12-12',1,5,2,'2021-11-27'),(307,'2022-02-18',2,6,0,'2022-02-03'),(308,'2021-09-08',3,0,228,'2021-08-24'),(309,'2021-09-25',1,1,152,'2021-09-10'),(310,'2021-12-21',2,2,87,'2021-12-06'),(311,'2022-01-06',3,3,48,'2021-12-22'),(312,'2021-11-24',1,4,9,'2021-11-09'),(313,'2021-11-17',2,5,1,'2021-11-02'),(314,'2021-10-11',3,6,0,'2021-09-26'),(315,'2021-08-03',1,0,222,'2021-07-19'),(316,'2021-06-09',2,1,156,'2021-05-25'),(317,'2022-02-08',3,2,88,'2022-01-24'),(318,'2021-03-17',1,3,46,'2021-03-02'),(319,'2021-07-02',2,4,4,'2021-06-17'),(320,'2021-12-28',3,5,2,'2021-12-13'),(321,'2021-10-04',1,6,0,'2021-09-19'),(322,'2021-03-23',2,0,226,'2021-03-08'),(323,'2021-05-18',3,1,150,'2021-05-03'),(324,'2021-06-03',1,2,80,'2021-05-19'),(325,'2021-05-07',2,3,47,'2021-04-22'),(326,'2021-11-08',3,4,4,'2021-10-24'),(327,'2021-07-26',1,5,2,'2021-07-11'),(328,'2022-02-12',2,6,0,'2022-01-28'),(329,'2021-10-13',3,0,225,'2021-09-28'),(330,'2021-05-26',1,1,155,'2021-05-11'),(331,'2022-02-09',2,2,90,'2022-01-25'),(332,'2022-01-22',3,3,47,'2022-01-07'),(333,'2022-03-02',1,4,9,'2022-02-15'),(334,'2021-08-31',2,5,1,'2021-08-16'),(335,'2022-02-28',3,6,0,'2022-02-13'),(336,'2022-02-21',1,0,228,'2022-02-06'),(337,'2021-07-19',2,1,155,'2021-07-04'),(338,'2021-03-28',3,2,85,'2021-03-13'),(339,'2021-04-09',1,3,42,'2021-03-25'),(340,'2022-02-03',2,4,8,'2022-01-19'),(341,'2021-04-07',3,5,2,'2021-03-23'),(342,'2022-01-17',1,6,0,'2022-01-02'),(343,'2021-04-25',2,0,222,'2021-04-10'),(344,'2021-08-28',3,1,160,'2021-08-13'),(345,'2021-06-24',1,2,85,'2021-06-09'),(346,'2021-11-06',2,3,40,'2021-10-22'),(347,'2021-08-31',3,4,10,'2021-08-16'),(348,'2021-10-23',1,5,2,'2021-10-08'),(349,'2022-02-13',2,6,0,'2022-01-29'),(350,'2021-11-02',3,0,220,'2021-10-18'),(351,'2021-08-22',1,1,152,'2021-08-07'),(352,'2021-11-11',2,2,81,'2021-10-27'),(353,'2021-06-09',3,3,45,'2021-05-25'),(354,'2021-04-03',1,4,10,'2021-03-19'),(355,'2021-03-04',2,5,1,'2021-02-17'),(356,'2021-06-10',3,6,0,'2021-05-26'),(357,'2021-06-04',1,0,223,'2021-05-20'),(358,'2021-03-17',2,1,151,'2021-03-02'),(359,'2021-03-24',3,2,83,'2021-03-09'),(360,'2021-08-23',1,3,46,'2021-08-08'),(361,'2021-10-29',2,4,9,'2021-10-14'),(362,'2021-12-11',3,5,2,'2021-11-26'),(363,'2021-12-31',1,6,0,'2021-12-16'),(364,'2021-05-12',2,0,224,'2021-04-27'),(365,'2021-06-25',3,1,152,'2021-06-10'),(366,'2021-12-29',1,2,89,'2021-12-14'),(367,'2021-07-03',2,3,45,'2021-06-18'),(368,'2022-02-22',3,4,5,'2022-02-07'),(369,'2021-10-13',1,5,1,'2021-09-28'),(370,'2021-05-01',2,6,0,'2021-04-16'),(371,'2021-11-07',3,0,222,'2021-10-23'),(372,'2021-12-24',1,1,159,'2021-12-09'),(373,'2021-04-22',2,2,87,'2021-04-07'),(374,'2021-11-28',3,3,47,'2021-11-13'),(375,'2021-08-25',1,4,6,'2021-08-10'),(376,'2022-01-28',2,5,1,'2022-01-13'),(377,'2021-04-17',3,6,0,'2021-04-02'),(378,'2021-12-03',1,0,227,'2021-11-18'),(379,'2021-07-12',2,1,153,'2021-06-27'),(380,'2022-02-20',3,2,85,'2022-02-05'),(381,'2021-08-28',1,3,40,'2021-08-13'),(382,'2021-09-28',2,4,6,'2021-09-13'),(383,'2021-09-18',3,5,2,'2021-09-03'),(384,'2021-06-25',1,6,0,'2021-06-10'),(385,'2021-10-16',2,0,229,'2021-10-01'),(386,'2022-01-07',3,1,153,'2021-12-23'),(387,'2021-06-09',1,2,87,'2021-05-25'),(388,'2021-08-06',2,3,50,'2021-07-22'),(389,'2021-11-17',3,4,8,'2021-11-02'),(390,'2022-02-07',1,5,2,'2022-01-23'),(391,'2022-02-22',2,6,0,'2022-02-07'),(392,'2021-02-10',3,0,223,'2021-01-26'),(393,'2021-05-30',1,1,153,'2021-05-15'),(394,'2021-03-20',2,2,90,'2021-03-05'),(395,'2022-01-12',3,3,47,'2021-12-28'),(396,'2021-05-20',1,4,4,'2021-05-05'),(397,'2021-04-11',2,5,2,'2021-03-27'),(398,'2021-05-13',3,6,0,'2021-04-28'),(399,'2022-01-02',1,0,230,'2021-12-18'),(400,'2021-09-27',2,1,160,'2021-09-12'),(401,'2021-10-20',3,2,86,'2021-10-05'),(402,'2021-03-21',1,3,45,'2021-03-06'),(403,'2022-01-19',2,4,7,'2022-01-04'),(404,'2021-10-05',3,5,2,'2021-09-20'),(405,'2022-02-25',1,6,0,'2022-02-10'),(406,'2021-03-01',2,0,228,'2021-02-14'),(407,'2022-02-25',3,1,156,'2022-02-10'),(408,'2021-07-26',1,2,82,'2021-07-11'),(409,'2021-08-25',2,3,46,'2021-08-10'),(410,'2022-01-11',3,4,4,'2021-12-27'),(411,'2021-07-08',1,5,1,'2021-06-23'),(412,'2022-01-24',2,6,0,'2022-01-09'),(413,'2021-12-19',3,0,220,'2021-12-04'),(414,'2021-05-04',1,1,151,'2021-04-19'),(415,'2021-11-15',2,2,84,'2021-10-31'),(416,'2021-03-23',3,3,45,'2021-03-08'),(417,'2022-02-02',1,4,5,'2022-01-18'),(418,'2021-03-16',2,5,2,'2021-03-01'),(419,'2022-01-11',3,6,0,'2021-12-27'),(420,'2021-02-28',1,0,220,'2021-02-13'),(421,'2021-03-05',2,1,160,'2021-02-18'),(422,'2022-02-02',3,2,81,'2022-01-18'),(423,'2021-07-17',1,3,48,'2021-07-02'),(424,'2021-03-30',2,4,8,'2021-03-15'),(425,'2021-10-25',3,5,1,'2021-10-10'),(426,'2021-11-06',1,6,0,'2021-10-22'),(427,'2022-01-30',2,0,220,'2022-01-15'),(428,'2021-10-23',3,1,154,'2021-10-08'),(429,'2021-07-06',1,2,86,'2021-06-21'),(430,'2021-12-29',2,3,42,'2021-12-14'),(431,'2022-01-25',3,4,7,'2022-01-10'),(432,'2021-08-16',1,5,1,'2021-08-01'),(433,'2021-07-15',2,6,0,'2021-06-30'),(434,'2021-12-27',3,0,222,'2021-12-12'),(435,'2021-04-20',1,1,150,'2021-04-05'),(436,'2022-02-04',2,2,84,'2022-01-20'),(437,'2022-01-06',3,3,48,'2021-12-22'),(438,'2021-07-28',1,4,8,'2021-07-13'),(439,'2022-02-04',2,5,1,'2022-01-20'),(440,'2021-04-01',3,6,0,'2021-03-17'),(441,'2021-10-15',1,0,230,'2021-09-30'),(442,'2021-11-14',2,1,152,'2021-10-30'),(443,'2021-06-07',3,2,85,'2021-05-23'),(444,'2022-02-19',1,3,42,'2022-02-04'),(445,'2021-07-02',2,4,7,'2021-06-17'),(446,'2021-09-22',3,5,1,'2021-09-07'),(447,'2021-02-03',1,6,0,'2021-01-19'),(448,'2021-03-11',2,0,229,'2021-02-24'),(449,'2021-04-22',3,1,157,'2021-04-07'),(450,'2021-08-20',1,2,83,'2021-08-05'),(451,'2021-12-07',2,3,50,'2021-11-22'),(452,'2021-10-27',3,4,9,'2021-10-12'),(453,'2021-02-04',1,5,1,'2021-01-20'),(454,'2021-06-19',2,6,0,'2021-06-04'),(455,'2022-02-01',3,0,228,'2022-01-17'),(456,'2021-03-09',1,1,160,'2021-02-22'),(457,'2021-08-26',2,2,80,'2021-08-11'),(458,'2021-08-06',3,3,49,'2021-07-22'),(459,'2021-04-14',1,4,8,'2021-03-30'),(460,'2022-02-23',2,5,1,'2022-02-08'),(461,'2021-11-08',3,6,0,'2021-10-24'),(462,'2021-11-20',1,0,220,'2021-11-05'),(463,'2021-11-23',2,1,155,'2021-11-08'),(464,'2021-08-23',3,2,84,'2021-08-08'),(465,'2021-07-04',1,3,44,'2021-06-19'),(466,'2021-08-29',2,4,8,'2021-08-14'),(467,'2021-09-08',3,5,2,'2021-08-24'),(468,'2021-10-28',1,6,0,'2021-10-13'),(469,'2021-09-24',2,0,229,'2021-09-09'),(470,'2021-06-03',3,1,160,'2021-05-19'),(471,'2021-02-03',1,2,87,'2021-01-19'),(472,'2021-08-10',2,3,46,'2021-07-26'),(473,'2022-02-25',3,4,7,'2022-02-10'),(474,'2021-04-18',1,5,2,'2021-04-03'),(475,'2021-09-01',2,6,0,'2021-08-17'),(476,'2021-12-24',3,0,221,'2021-12-09'),(477,'2021-07-06',1,1,160,'2021-06-21'),(478,'2021-08-14',2,2,81,'2021-07-30'),(479,'2021-04-09',3,3,48,'2021-03-25'),(480,'2022-02-11',1,4,6,'2022-01-27'),(481,'2021-04-14',2,5,1,'2021-03-30'),(482,'2022-02-18',3,6,0,'2022-02-03'),(483,'2021-08-31',1,0,221,'2021-08-16'),(484,'2021-11-07',2,1,150,'2021-10-23'),(485,'2021-12-20',3,2,88,'2021-12-05'),(486,'2021-03-28',1,3,49,'2021-03-13'),(487,'2021-08-02',2,4,8,'2021-07-18'),(488,'2021-11-23',3,5,1,'2021-11-08'),(489,'2021-02-21',1,6,0,'2021-02-06'),(490,'2021-10-20',2,0,222,'2021-10-05'),(491,'2021-02-07',3,1,154,'2021-01-23'),(492,'2021-08-01',1,2,82,'2021-07-17'),(493,'2021-06-06',2,3,41,'2021-05-22'),(494,'2021-03-26',3,4,10,'2021-03-11'),(495,'2021-07-26',1,5,2,'2021-07-11'),(496,'2021-03-02',2,6,0,'2021-02-15'),(497,'2021-11-01',3,0,230,'2021-10-17'),(498,'2021-09-13',1,1,159,'2021-08-29'),(499,'2022-01-16',2,2,81,'2022-01-01'),(500,'2021-08-02',3,3,40,'2021-07-18'),(501,'2021-03-03',1,4,8,'2021-02-16'),(502,'2021-08-19',2,5,2,'2021-08-04'),(503,'2021-08-16',3,6,0,'2021-08-01'),(504,'2021-09-08',1,0,228,'2021-08-24'),(505,'2021-03-22',2,1,150,'2021-03-07'),(506,'2021-08-10',3,2,89,'2021-07-26'),(507,'2021-04-28',1,3,50,'2021-04-13'),(508,'2022-01-20',2,4,6,'2022-01-05'),(509,'2021-05-30',3,5,2,'2021-05-15'),(510,'2021-08-16',1,6,0,'2021-08-01'),(511,'2021-05-13',2,0,223,'2021-04-28'),(512,'2021-02-07',3,1,155,'2021-01-23'),(513,'2021-09-22',1,2,89,'2021-09-07'),(514,'2021-10-25',2,3,44,'2021-10-10'),(515,'2021-06-26',3,4,10,'2021-06-11'),(516,'2021-05-12',1,5,2,'2021-04-27'),(517,'2021-06-15',2,6,0,'2021-05-31'),(518,'2021-08-14',3,0,221,'2021-07-30'),(519,'2022-02-13',1,1,155,'2022-01-29'),(520,'2021-10-24',2,2,86,'2021-10-09'),(521,'2021-11-04',3,3,42,'2021-10-20'),(522,'2021-11-26',1,4,9,'2021-11-11'),(523,'2021-11-24',2,5,2,'2021-11-09'),(524,'2021-09-22',3,6,0,'2021-09-07'),(525,'2021-04-19',1,0,229,'2021-04-04'),(526,'2022-01-27',2,1,151,'2022-01-12'),(527,'2021-08-24',3,2,86,'2021-08-09'),(528,'2021-08-22',1,3,41,'2021-08-07'),(529,'2021-05-03',2,4,9,'2021-04-18'),(530,'2021-12-14',3,5,2,'2021-11-29'),(531,'2021-11-18',1,6,0,'2021-11-03'),(532,'2021-05-06',2,0,228,'2021-04-21'),(533,'2021-04-17',3,1,159,'2021-04-02'),(534,'2021-12-10',1,2,81,'2021-11-25'),(535,'2021-06-17',2,3,47,'2021-06-02'),(536,'2021-10-09',3,4,8,'2021-09-24'),(537,'2021-12-27',1,5,1,'2021-12-12'),(538,'2021-05-28',2,6,0,'2021-05-13'),(539,'2021-07-29',3,0,224,'2021-07-14'),(540,'2021-12-19',1,1,152,'2021-12-04'),(541,'2021-04-03',2,2,80,'2021-03-19'),(542,'2021-05-24',3,3,42,'2021-05-09'),(543,'2021-05-03',1,4,4,'2021-04-18'),(544,'2021-05-27',2,5,2,'2021-05-12'),(545,'2021-09-13',3,6,0,'2021-08-29'),(546,'2022-01-05',1,0,228,'2021-12-21'),(547,'2021-10-26',2,1,155,'2021-10-11'),(548,'2021-11-16',3,2,89,'2021-11-01'),(549,'2021-08-01',1,3,49,'2021-07-17'),(550,'2021-02-10',2,4,7,'2021-01-26'),(551,'2021-09-06',3,5,2,'2021-08-22'),(552,'2021-10-09',1,6,0,'2021-09-24'),(553,'2021-10-08',2,0,224,'2021-09-23'),(554,'2021-04-26',3,1,156,'2021-04-11'),(555,'2021-07-31',1,2,80,'2021-07-16'),(556,'2021-07-12',2,3,48,'2021-06-27'),(557,'2021-12-31',3,4,6,'2021-12-16'),(558,'2021-10-24',1,5,2,'2021-10-09'),(559,'2021-11-02',2,6,0,'2021-10-18'),(560,'2022-01-28',3,0,230,'2022-01-13'),(561,'2022-01-24',1,1,156,'2022-01-09'),(562,'2021-04-11',2,2,88,'2021-03-27'),(563,'2021-12-19',3,3,42,'2021-12-04'),(564,'2021-10-08',1,4,10,'2021-09-23'),(565,'2021-09-25',2,5,2,'2021-09-10'),(566,'2022-02-19',3,6,0,'2022-02-04'),(567,'2021-09-08',1,0,224,'2021-08-24'),(568,'2021-12-24',2,1,150,'2021-12-09'),(569,'2021-07-28',3,2,87,'2021-07-13'),(570,'2021-06-03',1,3,48,'2021-05-19'),(571,'2021-05-16',2,4,6,'2021-05-01'),(572,'2021-10-17',3,5,2,'2021-10-02'),(573,'2022-02-20',1,6,0,'2022-02-05'),(574,'2021-05-13',2,0,220,'2021-04-28'),(575,'2021-09-23',3,1,153,'2021-09-08'),(576,'2021-04-26',1,2,81,'2021-04-11'),(577,'2021-05-06',2,3,42,'2021-04-21'),(578,'2021-05-30',3,4,7,'2021-05-15'),(579,'2021-11-01',1,5,1,'2021-10-17'),(580,'2022-01-23',2,6,0,'2022-01-08'),(581,'2021-08-17',3,0,221,'2021-08-02'),(582,'2021-06-28',1,1,158,'2021-06-13'),(583,'2021-02-22',2,2,84,'2021-02-07'),(584,'2021-09-17',3,3,50,'2021-09-02'),(585,'2021-10-01',1,4,6,'2021-09-16'),(586,'2021-06-03',2,5,1,'2021-05-19'),(587,'2021-03-08',3,6,0,'2021-02-21'),(588,'2021-06-05',1,0,223,'2021-05-21'),(589,'2021-05-17',2,1,158,'2021-05-02'),(590,'2022-01-23',3,2,89,'2022-01-08'),(591,'2021-04-26',1,3,41,'2021-04-11'),(592,'2021-09-26',2,4,7,'2021-09-11'),(593,'2021-08-22',3,5,1,'2021-08-07'),(594,'2021-05-16',1,6,0,'2021-05-01'),(595,'2021-09-20',2,0,224,'2021-09-05'),(596,'2021-04-27',3,1,154,'2021-04-12'),(597,'2021-02-09',1,2,80,'2021-01-25'),(598,'2021-10-27',2,3,49,'2021-10-12'),(599,'2021-03-14',3,4,6,'2021-02-27'),(600,'2021-12-15',1,5,2,'2021-11-30'),(601,'2021-08-16',2,6,0,'2021-08-01'),(602,'2021-05-07',3,0,222,'2021-04-22'),(603,'2021-10-01',1,1,159,'2021-09-16'),(604,'2021-10-30',2,2,85,'2021-10-15'),(605,'2021-05-11',3,3,49,'2021-04-26'),(606,'2021-08-18',1,4,4,'2021-08-03'),(607,'2021-04-27',2,5,2,'2021-04-12'),(608,'2021-06-18',3,6,0,'2021-06-03'),(609,'2021-05-15',1,0,227,'2021-04-30'),(610,'2021-02-20',2,1,150,'2021-02-05'),(611,'2022-01-12',3,2,83,'2021-12-28'),(612,'2021-09-23',1,3,47,'2021-09-08'),(613,'2021-09-30',2,4,7,'2021-09-15'),(614,'2021-07-25',3,5,2,'2021-07-10'),(615,'2021-12-01',1,6,0,'2021-11-16'),(616,'2021-08-23',2,0,229,'2021-08-08'),(617,'2021-05-19',3,1,155,'2021-05-04'),(618,'2021-04-02',1,2,84,'2021-03-18'),(619,'2021-09-12',2,3,49,'2021-08-28'),(620,'2021-06-16',3,4,4,'2021-06-01'),(621,'2021-11-23',1,5,1,'2021-11-08'),(622,'2021-04-03',2,6,0,'2021-03-19'),(623,'2021-05-16',3,0,224,'2021-05-01'),(624,'2022-01-04',1,1,154,'2021-12-20'),(625,'2021-12-05',2,2,88,'2021-11-20'),(626,'2021-08-20',3,3,42,'2021-08-05'),(627,'2021-10-23',1,4,9,'2021-10-08'),(628,'2022-02-09',2,5,2,'2022-01-25'),(629,'2022-02-05',3,6,0,'2022-01-21'),(630,'2021-05-29',1,0,222,'2021-05-14'),(631,'2021-12-28',2,1,158,'2021-12-13'),(632,'2021-03-28',3,2,87,'2021-03-13'),(633,'2021-06-11',1,3,46,'2021-05-27'),(634,'2021-10-30',2,4,4,'2021-10-15'),(635,'2022-01-01',3,5,1,'2021-12-17'),(636,'2021-02-19',1,6,0,'2021-02-04'),(637,'2021-02-26',2,0,229,'2021-02-11'),(638,'2021-07-02',3,1,155,'2021-06-17'),(639,'2021-05-19',1,2,83,'2021-05-04'),(640,'2021-05-23',2,3,44,'2021-05-08'),(641,'2021-06-13',3,4,9,'2021-05-29'),(642,'2021-05-11',1,5,1,'2021-04-26'),(643,'2021-05-04',2,6,0,'2021-04-19'),(644,'2021-05-11',3,0,227,'2021-04-26'),(645,'2021-07-31',1,1,151,'2021-07-16'),(646,'2021-04-09',2,2,83,'2021-03-25'),(647,'2021-07-25',3,3,41,'2021-07-10'),(648,'2021-11-15',1,4,7,'2021-10-31'),(649,'2022-02-17',2,5,1,'2022-02-02'),(650,'2021-03-28',3,6,0,'2021-03-13'),(651,'2021-04-24',1,0,227,'2021-04-09'),(652,'2021-02-13',2,1,153,'2021-01-29'),(653,'2021-02-02',3,2,89,'2021-01-18'),(654,'2021-02-02',1,3,44,'2021-01-18'),(655,'2022-01-03',2,4,6,'2021-12-19'),(656,'2021-10-29',3,5,2,'2021-10-14'),(657,'2021-08-20',1,6,0,'2021-08-05'),(658,'2021-06-09',2,0,224,'2021-05-25'),(659,'2021-05-10',3,1,151,'2021-04-25'),(660,'2021-12-20',1,2,83,'2021-12-05'),(661,'2021-05-07',2,3,46,'2021-04-22'),(662,'2022-01-05',3,4,5,'2021-12-21'),(663,'2022-01-31',1,5,2,'2022-01-16'),(664,'2021-03-30',2,6,0,'2021-03-15'),(665,'2021-05-06',3,0,222,'2021-04-21'),(666,'2021-12-27',1,1,156,'2021-12-12'),(667,'2021-07-06',2,2,80,'2021-06-21'),(668,'2021-11-04',3,3,46,'2021-10-20'),(669,'2021-04-21',1,4,9,'2021-04-06'),(670,'2021-06-25',2,5,2,'2021-06-10'),(671,'2021-03-01',3,6,0,'2021-02-14'),(672,'2021-02-16',1,0,226,'2021-02-01'),(673,'2021-04-09',2,1,155,'2021-03-25'),(674,'2021-09-24',3,2,81,'2021-09-09'),(675,'2021-11-02',1,3,45,'2021-10-18'),(676,'2021-09-29',2,4,7,'2021-09-14'),(677,'2021-07-25',3,5,2,'2021-07-10'),(678,'2021-12-05',1,6,0,'2021-11-20'),(679,'2022-03-01',2,0,225,'2022-02-14'),(680,'2022-01-03',3,1,157,'2021-12-19'),(681,'2021-04-24',1,2,87,'2021-04-09'),(682,'2021-05-17',2,3,46,'2021-05-02'),(683,'2021-02-08',3,4,5,'2021-01-24'),(684,'2021-10-11',1,5,1,'2021-09-26'),(685,'2022-01-31',2,6,0,'2022-01-16'),(686,'2021-12-07',3,0,228,'2021-11-22'),(687,'2021-06-09',1,1,160,'2021-05-25'),(688,'2022-01-03',2,2,80,'2021-12-19'),(689,'2021-03-23',3,3,47,'2021-03-08'),(690,'2022-01-07',1,4,7,'2021-12-23'),(691,'2021-10-22',2,5,2,'2021-10-07'),(692,'2021-04-18',3,6,0,'2021-04-03'),(693,'2021-05-01',1,0,224,'2021-04-16'),(694,'2022-01-25',2,1,156,'2022-01-10'),(695,'2021-10-04',3,2,82,'2021-09-19'),(696,'2021-09-08',1,3,43,'2021-08-24'),(697,'2021-04-11',2,4,4,'2021-03-27'),(698,'2021-09-07',3,5,2,'2021-08-23'),(699,'2021-10-04',1,6,0,'2021-09-19'),(700,'2021-10-13',2,0,225,'2021-09-28'),(701,'2021-11-24',3,1,153,'2021-11-09'),(702,'2021-06-06',1,2,80,'2021-05-22'),(703,'2021-04-19',2,3,47,'2021-04-04'),(704,'2021-07-25',3,4,10,'2021-07-10'),(705,'2021-09-15',1,5,2,'2021-08-31'),(706,'2022-01-09',2,6,0,'2021-12-25'),(707,'2022-02-02',3,0,224,'2022-01-18'),(708,'2021-07-17',1,1,159,'2021-07-02'),(709,'2021-11-14',2,2,84,'2021-10-30'),(710,'2021-11-29',3,3,42,'2021-11-14'),(711,'2021-06-12',1,4,6,'2021-05-28'),(712,'2021-02-03',2,5,2,'2021-01-19'),(713,'2021-11-29',3,6,0,'2021-11-14'),(714,'2021-07-10',1,0,224,'2021-06-25'),(715,'2021-10-31',2,1,153,'2021-10-16'),(716,'2021-12-01',3,2,88,'2021-11-16'),(717,'2021-02-05',1,3,43,'2021-01-21'),(718,'2021-11-22',2,4,4,'2021-11-07'),(719,'2022-01-25',3,5,2,'2022-01-10'),(720,'2021-03-03',1,6,0,'2021-02-16'),(721,'2021-03-17',2,0,229,'2021-03-02'),(722,'2021-05-08',3,1,151,'2021-04-23'),(723,'2021-02-10',1,2,89,'2021-01-26'),(724,'2022-01-31',2,3,50,'2022-01-16'),(725,'2021-06-10',3,4,6,'2021-05-26'),(726,'2021-07-11',1,5,1,'2021-06-26'),(727,'2021-11-14',2,6,0,'2021-10-30'),(728,'2021-06-26',3,0,222,'2021-06-11'),(729,'2021-02-01',1,1,154,'2021-01-17'),(730,'2021-06-09',2,2,90,'2021-05-25'),(731,'2021-10-02',3,3,47,'2021-09-17'),(732,'2022-02-09',1,4,9,'2022-01-25'),(733,'2021-09-09',2,5,1,'2021-08-25'),(734,'2022-02-12',3,6,0,'2022-01-28'),(735,'2021-06-07',1,0,223,'2021-05-23'),(736,'2021-08-10',2,1,160,'2021-07-26'),(737,'2021-11-27',3,2,82,'2021-11-12'),(738,'2021-07-07',1,3,46,'2021-06-22'),(739,'2021-11-11',2,4,6,'2021-10-27'),(740,'2021-11-20',3,5,1,'2021-11-05'),(741,'2022-01-27',1,6,0,'2022-01-12'),(742,'2021-05-10',2,0,221,'2021-04-25'),(743,'2022-02-18',3,1,153,'2022-02-03'),(744,'2021-05-20',1,2,81,'2021-05-05'),(745,'2021-05-11',2,3,40,'2021-04-26'),(746,'2021-05-18',3,4,7,'2021-05-03'),(747,'2021-06-28',1,5,1,'2021-06-13'),(748,'2021-07-30',2,6,0,'2021-07-15'),(749,'2021-10-05',3,0,225,'2021-09-20'),(750,'2021-12-08',1,1,158,'2021-11-23'),(751,'2021-05-22',2,2,90,'2021-05-07'),(752,'2021-10-20',3,3,43,'2021-10-05'),(753,'2021-04-29',1,4,8,'2021-04-14'),(754,'2021-10-15',2,5,2,'2021-09-30'),(755,'2021-02-13',3,6,0,'2021-01-29'),(756,'2021-07-31',1,0,221,'2021-07-16'),(757,'2021-12-22',2,1,160,'2021-12-07'),(758,'2021-07-09',3,2,83,'2021-06-24'),(759,'2021-06-07',1,3,47,'2021-05-23'),(760,'2021-02-17',2,4,8,'2021-02-02'),(761,'2021-06-03',3,5,1,'2021-05-19'),(762,'2022-01-17',1,6,0,'2022-01-02'),(763,'2021-09-06',2,0,220,'2021-08-22'),(764,'2021-06-26',3,1,156,'2021-06-11'),(765,'2021-05-28',1,2,89,'2021-05-13'),(766,'2021-10-20',2,3,42,'2021-10-05'),(767,'2021-03-07',3,4,10,'2021-02-20'),(768,'2021-09-01',1,5,2,'2021-08-17'),(769,'2021-07-14',2,6,0,'2021-06-29'),(770,'2021-08-05',3,0,230,'2021-07-21'),(771,'2021-11-08',1,1,150,'2021-10-24'),(772,'2021-05-08',2,2,82,'2021-04-23'),(773,'2021-11-21',3,3,40,'2021-11-06'),(774,'2021-08-20',1,4,5,'2021-08-05'),(775,'2021-06-09',2,5,2,'2021-05-25'),(776,'2021-11-19',3,6,0,'2021-11-04'),(777,'2021-09-09',1,0,226,'2021-08-25'),(778,'2021-11-02',2,1,153,'2021-10-18'),(779,'2021-11-16',3,2,87,'2021-11-01'),(780,'2021-06-14',1,3,45,'2021-05-30'),(781,'2022-01-11',2,4,4,'2021-12-27'),(782,'2021-02-28',3,5,1,'2021-02-13'),(783,'2021-11-17',1,6,0,'2021-11-02'),(784,'2021-02-12',2,0,223,'2021-01-28'),(785,'2021-09-09',3,1,154,'2021-08-25'),(786,'2021-07-05',1,2,87,'2021-06-20'),(787,'2021-04-10',2,3,43,'2021-03-26'),(788,'2021-11-28',3,4,8,'2021-11-13'),(789,'2021-10-10',1,5,1,'2021-09-25'),(790,'2021-03-29',2,6,0,'2021-03-14'),(791,'2021-12-25',3,0,226,'2021-12-10'),(792,'2021-06-10',1,1,153,'2021-05-26'),(793,'2021-04-21',2,2,83,'2021-04-06'),(794,'2021-11-12',3,3,42,'2021-10-28'),(795,'2021-10-12',1,4,4,'2021-09-27'),(796,'2021-03-05',2,5,2,'2021-02-18'),(797,'2022-01-27',3,6,0,'2022-01-12'),(798,'2022-02-15',1,0,220,'2022-01-31'),(799,'2021-04-22',2,1,152,'2021-04-07'),(800,'2021-02-21',3,2,86,'2021-02-06'),(801,'2021-08-27',1,3,40,'2021-08-12'),(802,'2021-12-21',2,4,7,'2021-12-06'),(803,'2021-09-23',3,5,1,'2021-09-08'),(804,'2021-05-29',1,6,0,'2021-05-14'),(805,'2021-06-24',2,0,223,'2021-06-09'),(806,'2021-06-06',3,1,152,'2021-05-22'),(807,'2022-01-09',1,2,80,'2021-12-25'),(808,'2022-01-11',2,3,47,'2021-12-27'),(809,'2021-11-03',3,4,5,'2021-10-19'),(810,'2021-09-20',1,5,1,'2021-09-05'),(811,'2021-09-04',2,6,0,'2021-08-20'),(812,'2021-06-10',3,0,226,'2021-05-26'),(813,'2021-09-30',1,1,154,'2021-09-15'),(814,'2021-10-21',2,2,84,'2021-10-06'),(815,'2021-07-11',3,3,40,'2021-06-26'),(816,'2021-05-10',1,4,8,'2021-04-25'),(817,'2021-06-15',2,5,1,'2021-05-31'),(818,'2022-02-12',3,6,0,'2022-01-28'),(819,'2022-01-24',1,0,230,'2022-01-09'),(820,'2021-02-25',2,1,155,'2021-02-10'),(821,'2021-02-24',3,2,88,'2021-02-09'),(822,'2021-04-12',1,3,45,'2021-03-28'),(823,'2021-07-09',2,4,5,'2021-06-24'),(824,'2021-04-25',3,5,1,'2021-04-10'),(825,'2021-07-28',1,6,0,'2021-07-13'),(826,'2021-12-25',2,0,230,'2021-12-10'),(827,'2021-03-10',3,1,151,'2021-02-23'),(828,'2022-02-17',1,2,86,'2022-02-02'),(829,'2021-03-09',2,3,42,'2021-02-22'),(830,'2022-01-13',3,4,7,'2021-12-29'),(831,'2021-05-29',1,5,1,'2021-05-14'),(832,'2021-07-21',2,6,0,'2021-07-06'),(833,'2021-12-08',3,0,229,'2021-11-23'),(834,'2021-10-22',1,1,153,'2021-10-07'),(835,'2021-02-09',2,2,90,'2021-01-25'),(836,'2021-11-16',3,3,47,'2021-11-01'),(837,'2021-06-13',1,4,10,'2021-05-29'),(838,'2021-12-31',2,5,2,'2021-12-16'),(839,'2021-06-27',3,6,0,'2021-06-12'),(840,'2021-05-11',1,0,223,'2021-04-26'),(841,'2021-07-04',2,1,153,'2021-06-19'),(842,'2021-03-09',3,2,87,'2021-02-22'),(843,'2021-04-01',1,3,48,'2021-03-17'),(844,'2022-02-28',2,4,6,'2022-02-13'),(845,'2021-08-12',3,5,1,'2021-07-28'),(846,'2022-01-02',1,6,0,'2021-12-18'),(847,'2021-06-01',2,0,222,'2021-05-17'),(848,'2021-10-30',3,1,154,'2021-10-15'),(849,'2021-09-06',1,2,87,'2021-08-22'),(850,'2021-12-06',2,3,46,'2021-11-21'),(851,'2021-12-15',3,4,8,'2021-11-30'),(852,'2021-04-07',1,5,2,'2021-03-23'),(853,'2022-01-11',2,6,0,'2021-12-27'),(854,'2021-12-08',3,0,230,'2021-11-23'),(855,'2022-02-06',1,1,151,'2022-01-22'),(856,'2021-07-02',2,2,85,'2021-06-17'),(857,'2022-02-14',3,3,49,'2022-01-30'),(858,'2021-12-15',1,4,4,'2021-11-30'),(859,'2021-11-09',2,5,2,'2021-10-25'),(860,'2021-06-25',3,6,0,'2021-06-10'),(861,'2021-11-19',1,0,224,'2021-11-04'),(862,'2022-01-27',2,1,154,'2022-01-12'),(863,'2021-06-20',3,2,81,'2021-06-05'),(864,'2021-03-26',1,3,43,'2021-03-11'),(865,'2021-06-21',2,4,8,'2021-06-06'),(866,'2021-10-15',3,5,2,'2021-09-30'),(867,'2021-03-23',1,6,0,'2021-03-08'),(868,'2021-04-01',2,0,229,'2021-03-17'),(869,'2021-04-14',3,1,157,'2021-03-30'),(870,'2021-02-11',1,2,85,'2021-01-27'),(871,'2021-07-27',2,3,40,'2021-07-12'),(872,'2021-05-04',3,4,9,'2021-04-19'),(873,'2021-03-27',1,5,2,'2021-03-12'),(874,'2021-06-17',2,6,0,'2021-06-02'),(875,'2021-06-12',3,0,222,'2021-05-28'),(876,'2021-09-06',1,1,153,'2021-08-22'),(877,'2021-02-08',2,2,90,'2021-01-24'),(878,'2022-02-08',3,3,41,'2022-01-24'),(879,'2021-09-17',1,4,6,'2021-09-02'),(880,'2021-08-26',2,5,1,'2021-08-11'),(881,'2022-01-13',3,6,0,'2021-12-29'),(882,'2021-11-27',1,0,224,'2021-11-12'),(883,'2021-10-24',2,1,154,'2021-10-09'),(884,'2021-06-27',3,2,84,'2021-06-12'),(885,'2021-08-06',1,3,49,'2021-07-22'),(886,'2021-07-28',2,4,5,'2021-07-13'),(887,'2021-06-16',3,5,2,'2021-06-01'),(888,'2021-09-06',1,6,0,'2021-08-22'),(889,'2021-09-21',2,0,227,'2021-09-06'),(890,'2021-06-08',3,1,152,'2021-05-24'),(891,'2022-01-02',1,2,90,'2021-12-18'),(892,'2022-01-04',2,3,48,'2021-12-20'),(893,'2021-09-19',3,4,4,'2021-09-04'),(894,'2021-04-29',1,5,1,'2021-04-14'),(895,'2021-06-27',2,6,0,'2021-06-12'),(896,'2021-08-07',3,0,229,'2021-07-23'),(897,'2022-02-20',1,1,160,'2022-02-05'),(898,'2021-09-13',2,2,86,'2021-08-29'),(899,'2021-03-15',3,3,42,'2021-02-28'),(900,'2021-08-22',1,4,7,'2021-08-07'),(901,'2021-06-24',2,5,2,'2021-06-09'),(902,'2021-06-23',3,6,0,'2021-06-08'),(903,'2022-02-01',1,0,223,'2022-01-17'),(904,'2022-01-02',2,1,159,'2021-12-18'),(905,'2021-02-13',3,2,80,'2021-01-29'),(906,'2021-08-05',1,3,50,'2021-07-21'),(907,'2021-12-08',2,4,5,'2021-11-23'),(908,'2021-08-01',3,5,2,'2021-07-17'),(909,'2021-05-21',1,6,0,'2021-05-06'),(910,'2021-03-17',2,0,229,'2021-03-02'),(911,'2021-09-15',3,1,156,'2021-08-31'),(912,'2021-08-05',1,2,84,'2021-07-21'),(913,'2021-03-21',2,3,40,'2021-03-06'),(914,'2021-09-14',3,4,10,'2021-08-30'),(915,'2021-05-01',1,5,1,'2021-04-16'),(916,'2022-01-23',2,6,0,'2022-01-08'),(917,'2021-06-01',3,0,226,'2021-05-17'),(918,'2021-04-27',1,1,152,'2021-04-12'),(919,'2021-10-23',2,2,88,'2021-10-08'),(920,'2021-09-15',3,3,42,'2021-08-31'),(921,'2021-03-29',1,4,8,'2021-03-14'),(922,'2021-02-19',2,5,2,'2021-02-04'),(923,'2021-07-27',3,6,0,'2021-07-12'),(924,'2022-01-25',1,0,221,'2022-01-10'),(925,'2021-02-24',2,1,152,'2021-02-09'),(926,'2021-10-25',3,2,89,'2021-10-10'),(927,'2022-02-14',1,3,40,'2022-01-30'),(928,'2021-12-16',2,4,7,'2021-12-01'),(929,'2021-07-25',3,5,2,'2021-07-10'),(930,'2021-06-08',1,6,0,'2021-05-24'),(931,'2021-11-11',2,0,221,'2021-10-27'),(932,'2021-02-23',3,1,158,'2021-02-08'),(933,'2021-02-04',1,2,89,'2021-01-20'),(934,'2021-06-16',2,3,45,'2021-06-01'),(935,'2021-04-21',3,4,9,'2021-04-06'),(936,'2022-01-13',1,5,1,'2021-12-29'),(937,'2021-12-08',2,6,0,'2021-11-23'),(938,'2021-12-14',3,0,223,'2021-11-29'),(939,'2021-03-02',1,1,150,'2021-02-15'),(940,'2021-10-04',2,2,86,'2021-09-19'),(941,'2021-03-20',3,3,46,'2021-03-05'),(942,'2021-12-25',1,4,4,'2021-12-10'),(943,'2022-02-09',2,5,1,'2022-01-25'),(944,'2021-09-03',3,6,0,'2021-08-19'),(945,'2021-07-30',1,0,222,'2021-07-15'),(946,'2021-05-16',2,1,160,'2021-05-01'),(947,'2021-05-25',3,2,87,'2021-05-10'),(948,'2021-11-03',1,3,43,'2021-10-19'),(949,'2021-12-15',2,4,5,'2021-11-30'),(950,'2021-04-21',3,5,2,'2021-04-06'),(951,'2021-10-27',1,6,0,'2021-10-12'),(952,'2021-07-19',2,0,230,'2021-07-04'),(953,'2021-02-20',3,1,156,'2021-02-05'),(954,'2022-01-12',1,2,85,'2021-12-28'),(955,'2022-02-01',2,3,50,'2022-01-17'),(956,'2021-07-27',3,4,10,'2021-07-12'),(957,'2022-02-24',1,5,1,'2022-02-09'),(958,'2021-02-01',2,6,0,'2021-01-17'),(959,'2021-05-28',3,0,223,'2021-05-13'),(960,'2021-02-10',1,1,160,'2021-01-26'),(961,'2021-05-17',2,2,84,'2021-05-02'),(962,'2021-05-17',3,3,46,'2021-05-02'),(963,'2021-09-15',1,4,10,'2021-08-31'),(964,'2021-06-14',2,5,1,'2021-05-30'),(965,'2021-08-08',3,6,0,'2021-07-24'),(966,'2021-10-18',1,0,226,'2021-10-03'),(967,'2021-06-28',2,1,153,'2021-06-13'),(968,'2021-09-02',3,2,84,'2021-08-18'),(969,'2021-03-10',1,3,44,'2021-02-23'),(970,'2021-10-29',2,4,10,'2021-10-14'),(971,'2021-07-19',3,5,1,'2021-07-04'),(972,'2021-07-10',1,6,0,'2021-06-25'),(973,'2022-01-13',2,0,222,'2021-12-29'),(974,'2021-06-23',3,1,155,'2021-06-08'),(975,'2021-09-01',1,2,80,'2021-08-17'),(976,'2021-04-11',2,3,50,'2021-03-27'),(977,'2022-01-31',3,4,9,'2022-01-16'),(978,'2021-10-10',1,5,1,'2021-09-25'),(979,'2022-01-27',2,6,0,'2022-01-12'),(980,'2021-09-13',3,0,222,'2021-08-29'),(981,'2021-11-08',1,1,154,'2021-10-24'),(982,'2021-02-02',2,2,88,'2021-01-18'),(983,'2021-12-21',3,3,47,'2021-12-06'),(984,'2021-12-20',1,4,5,'2021-12-05'),(985,'2022-01-09',2,5,1,'2021-12-25'),(986,'2021-05-27',3,6,0,'2021-05-12'),(987,'2021-07-09',1,0,222,'2021-06-24'),(988,'2021-05-02',2,1,158,'2021-04-17'),(989,'2021-08-13',3,2,87,'2021-07-29'),(990,'2021-09-02',1,3,44,'2021-08-18'),(991,'2022-02-16',2,4,7,'2022-02-01'),(992,'2021-02-12',3,5,2,'2021-01-28'),(993,'2021-02-04',1,6,0,'2021-01-20'),(994,'2021-10-16',2,0,228,'2021-10-01'),(995,'2021-10-23',3,1,154,'2021-10-08'),(996,'2022-02-05',1,2,80,'2022-01-21'),(997,'2021-09-14',2,3,43,'2021-08-30'),(998,'2021-10-20',3,4,4,'2021-10-05'),(999,'2021-03-15',1,5,1,'2021-02-28'),(1000,'2021-02-28',2,6,0,'2021-02-13');
/*!40000 ALTER TABLE `forecast` ENABLE KEYS */;
UNLOCK TABLES;

--
-- Table structure for table `humidityofsoil`
--

DROP TABLE IF EXISTS `humidityofsoil`;
/*!40101 SET @saved_cs_client     = @@character_set_client */;
/*!50503 SET character_set_client = utf8mb4 */;
CREATE TABLE `humidityofsoil` (
  `id` int NOT NULL AUTO_INCREMENT,
  `classification` int NOT NULL,
  `date` date NOT NULL,
  `idfarm` int NOT NULL,
  PRIMARY KEY (`id`),
  UNIQUE KEY `id_UNIQUE` (`id`),
  KEY `FK_farm_humidityofsoil_idx` (`idfarm`),
  CONSTRAINT `FK_farm_humidityofsoil` FOREIGN KEY (`idfarm`) REFERENCES `farm` (`id`) ON DELETE CASCADE ON UPDATE CASCADE
) ENGINE=InnoDB AUTO_INCREMENT=301 DEFAULT CHARSET=utf8mb4 COLLATE=utf8mb4_0900_ai_ci;
/*!40101 SET character_set_client = @saved_cs_client */;

--
-- Dumping data for table `humidityofsoil`
--

LOCK TABLES `humidityofsoil` WRITE;
/*!40000 ALTER TABLE `humidityofsoil` DISABLE KEYS */;
INSERT INTO `humidityofsoil` VALUES (1,1,'2021-09-08',2),(2,2,'2021-06-17',3),(3,3,'2021-01-05',1),(4,4,'2021-02-26',2),(5,5,'2021-11-17',3),(6,6,'2021-11-15',1),(7,0,'2021-02-14',2),(8,1,'2021-03-31',3),(9,2,'2021-11-24',1),(10,3,'2021-01-19',2),(11,4,'2021-01-27',3),(12,5,'2021-12-26',1),(13,6,'2021-02-26',2),(14,0,'2022-01-06',3),(15,1,'2021-05-22',1),(16,2,'2021-07-08',2),(17,3,'2021-05-04',3),(18,4,'2021-05-29',1),(19,5,'2021-06-25',2),(20,6,'2021-09-10',3),(21,0,'2021-12-24',1),(22,1,'2021-06-30',2),(23,2,'2021-06-13',3),(24,3,'2021-07-03',1),(25,4,'2021-06-08',2),(26,5,'2021-05-20',3),(27,6,'2021-06-16',1),(28,0,'2021-09-08',2),(29,1,'2022-02-11',3),(30,2,'2021-06-26',1),(31,3,'2021-12-28',2),(32,4,'2022-03-05',3),(33,5,'2021-02-11',1),(34,6,'2021-04-19',2),(35,0,'2021-06-06',3),(36,1,'2021-01-21',1),(37,2,'2021-04-29',2),(38,3,'2021-05-03',3),(39,4,'2021-12-23',1),(40,5,'2021-01-03',2),(41,6,'2021-07-07',3),(42,0,'2021-12-06',1),(43,1,'2021-12-27',2),(44,2,'2021-02-20',3),(45,3,'2021-11-22',1),(46,4,'2021-05-20',2),(47,5,'2021-08-01',3),(48,6,'2021-12-15',1),(49,0,'2021-02-23',2),(50,1,'2021-09-18',3),(51,2,'2021-05-27',1),(52,3,'2021-03-28',2),(53,4,'2021-11-11',3),(54,5,'2021-12-19',1),(55,6,'2021-07-24',2),(56,0,'2021-03-10',3),(57,1,'2021-09-07',1),(58,2,'2021-01-20',2),(59,3,'2021-04-17',3),(60,4,'2021-04-02',1),(61,5,'2021-01-31',2),(62,6,'2022-03-12',3),(63,0,'2021-02-25',1),(64,1,'2021-12-26',2),(65,2,'2021-08-13',3),(66,3,'2021-02-16',1),(67,4,'2022-01-13',2),(68,5,'2021-06-21',3),(69,6,'2021-05-19',1),(70,0,'2022-03-18',2),(71,1,'2021-07-09',3),(72,2,'2021-02-17',1),(73,3,'2021-02-19',2),(74,4,'2021-12-11',3),(75,5,'2022-02-06',1),(76,6,'2021-04-13',2),(77,0,'2022-02-19',3),(78,1,'2021-05-01',1),(79,2,'2021-12-21',2),(80,3,'2021-09-24',3),(81,4,'2022-02-02',1),(82,5,'2022-01-04',2),(83,6,'2022-01-05',3),(84,0,'2021-03-02',1),(85,1,'2022-01-11',2),(86,2,'2021-06-10',3),(87,3,'2021-02-04',1),(88,4,'2021-12-24',2),(89,5,'2021-09-07',3),(90,6,'2022-02-28',1),(91,0,'2021-04-11',2),(92,1,'2021-01-05',3),(93,2,'2021-01-29',1),(94,3,'2021-05-30',2),(95,4,'2021-08-18',3),(96,5,'2022-01-25',1),(97,6,'2021-09-16',2),(98,0,'2022-02-01',3),(99,1,'2021-10-07',1),(100,2,'2021-02-13',2),(101,3,'2021-01-06',3),(102,4,'2021-06-21',1),(103,5,'2021-09-28',2),(104,6,'2021-05-06',3),(105,0,'2021-05-27',1),(106,1,'2021-08-30',2),(107,2,'2021-12-10',3),(108,3,'2021-05-26',1),(109,4,'2021-09-05',2),(110,5,'2021-04-10',3),(111,6,'2022-01-10',1),(112,0,'2021-03-10',2),(113,1,'2021-11-12',3),(114,2,'2021-03-09',1),(115,3,'2021-11-04',2),(116,4,'2021-08-30',3),(117,5,'2021-02-16',1),(118,6,'2022-03-13',2),(119,0,'2021-05-20',3),(120,1,'2022-02-26',1),(121,2,'2022-01-01',2),(122,3,'2021-12-01',3),(123,4,'2022-01-28',1),(124,5,'2021-09-20',2),(125,6,'2022-03-25',3),(126,0,'2021-03-19',1),(127,1,'2021-02-09',2),(128,2,'2021-06-16',3),(129,3,'2021-06-23',1),(130,4,'2021-07-07',2),(131,5,'2022-02-26',3),(132,6,'2021-11-06',1),(133,0,'2021-07-04',2),(134,1,'2021-09-22',3),(135,2,'2021-06-12',1),(136,3,'2021-06-22',2),(137,4,'2021-01-29',3),(138,5,'2021-05-16',1),(139,6,'2022-03-17',2),(140,0,'2021-06-21',3),(141,1,'2021-02-09',1),(142,2,'2021-06-15',2),(143,3,'2021-09-13',3),(144,4,'2021-04-30',1),(145,5,'2021-04-24',2),(146,6,'2021-01-08',3),(147,0,'2021-12-05',1),(148,1,'2021-09-11',2),(149,2,'2021-01-17',3),(150,3,'2021-02-16',1),(151,4,'2021-05-07',2),(152,5,'2021-12-24',3),(153,6,'2022-01-11',1),(154,0,'2021-04-14',2),(155,1,'2021-03-08',3),(156,2,'2021-08-24',1),(157,3,'2021-03-03',2),(158,4,'2021-06-10',3),(159,5,'2021-01-11',1),(160,6,'2021-03-06',2),(161,0,'2021-05-29',3),(162,1,'2022-03-27',1),(163,2,'2021-01-07',2),(164,3,'2021-06-02',3),(165,4,'2021-07-07',1),(166,5,'2022-02-27',2),(167,6,'2021-07-15',3),(168,0,'2022-02-09',1),(169,1,'2021-05-09',2),(170,2,'2021-03-31',3),(171,3,'2021-09-24',1),(172,4,'2021-03-06',2),(173,5,'2021-10-25',3),(174,6,'2021-02-08',1),(175,0,'2021-10-13',2),(176,1,'2021-02-07',3),(177,2,'2021-08-20',1),(178,3,'2021-11-21',2),(179,4,'2021-06-12',3),(180,5,'2021-09-26',1),(181,6,'2021-08-16',2),(182,0,'2021-11-25',3),(183,1,'2021-05-03',1),(184,2,'2021-08-02',2),(185,3,'2021-02-27',3),(186,4,'2021-05-27',1),(187,5,'2021-10-15',2),(188,6,'2022-01-08',3),(189,0,'2021-08-31',1),(190,1,'2021-09-22',2),(191,2,'2021-12-18',3),(192,3,'2021-11-17',1),(193,4,'2021-07-13',2),(194,5,'2021-12-08',3),(195,6,'2022-03-25',1),(196,0,'2021-07-19',2),(197,1,'2022-03-12',3),(198,2,'2021-05-20',1),(199,3,'2021-04-18',2),(200,4,'2021-08-03',3),(201,5,'2022-01-09',1),(202,6,'2021-06-12',2),(203,0,'2022-02-01',3),(204,1,'2021-12-11',1),(205,2,'2021-12-07',2),(206,3,'2021-02-28',3),(207,4,'2021-09-10',1),(208,5,'2021-06-25',2),(209,6,'2021-08-17',3),(210,0,'2022-02-25',1),(211,1,'2021-12-28',2),(212,2,'2021-06-18',3),(213,3,'2021-04-28',1),(214,4,'2021-07-14',2),(215,5,'2021-04-18',3),(216,6,'2021-11-21',1),(217,0,'2021-04-21',2),(218,1,'2021-03-09',3),(219,2,'2022-01-05',1),(220,3,'2021-07-28',2),(221,4,'2022-03-05',3),(222,5,'2021-03-09',1),(223,6,'2021-01-09',2),(224,0,'2021-01-11',3),(225,1,'2021-08-04',1),(226,2,'2021-09-15',2),(227,3,'2021-09-23',3),(228,4,'2022-01-04',1),(229,5,'2022-03-20',2),(230,6,'2021-08-16',3),(231,0,'2021-03-13',1),(232,1,'2021-04-12',2),(233,2,'2021-12-18',3),(234,3,'2021-09-04',1),(235,4,'2021-04-09',2),(236,5,'2022-01-19',3),(237,6,'2022-02-04',1),(238,0,'2021-03-02',2),(239,1,'2021-03-24',3),(240,2,'2021-07-18',1),(241,3,'2021-02-27',2),(242,4,'2021-08-11',3),(243,5,'2021-08-06',1),(244,6,'2021-11-02',2),(245,0,'2022-02-19',3),(246,1,'2022-03-24',1),(247,2,'2021-01-12',2),(248,3,'2021-05-19',3),(249,4,'2021-11-29',1),(250,5,'2021-04-30',2),(251,6,'2021-07-20',3),(252,0,'2022-01-08',1),(253,1,'2021-01-25',2),(254,2,'2021-11-30',3),(255,3,'2021-12-10',1),(256,4,'2021-07-07',2),(257,5,'2021-03-01',3),(258,6,'2021-07-12',1),(259,0,'2021-10-04',2),(260,1,'2021-01-06',3),(261,2,'2021-07-31',1),(262,3,'2021-04-12',2),(263,4,'2021-09-12',3),(264,5,'2021-04-10',1),(265,6,'2021-06-30',2),(266,0,'2021-02-07',3),(267,1,'2022-02-10',1),(268,2,'2021-03-17',2),(269,3,'2021-12-10',3),(270,4,'2021-11-09',1),(271,5,'2021-04-06',2),(272,6,'2021-10-12',3),(273,0,'2021-11-05',1),(274,1,'2021-01-29',2),(275,2,'2021-04-01',3),(276,3,'2021-06-27',1),(277,4,'2021-07-04',2),(278,5,'2022-03-18',3),(279,6,'2021-08-17',1),(280,0,'2021-12-01',2),(281,1,'2021-09-30',3),(282,2,'2022-02-14',1),(283,3,'2021-02-22',2),(284,4,'2021-04-03',3),(285,5,'2021-10-30',1),(286,6,'2021-08-01',2),(287,0,'2021-03-21',3),(288,1,'2021-05-08',1),(289,2,'2021-12-03',2),(290,3,'2021-09-16',3),(291,4,'2022-01-17',1),(292,5,'2021-02-09',2),(293,6,'2021-02-12',3),(294,0,'2021-12-01',1),(295,1,'2021-04-11',2),(296,2,'2021-04-10',3),(297,3,'2021-05-21',1),(298,4,'2021-10-16',2),(299,5,'2021-11-12',3),(300,6,'2021-01-18',1);
/*!40000 ALTER TABLE `humidityofsoil` ENABLE KEYS */;
UNLOCK TABLES;

--
-- Table structure for table `post`
--

DROP TABLE IF EXISTS `post`;
/*!40101 SET @saved_cs_client     = @@character_set_client */;
/*!50503 SET character_set_client = utf8mb4 */;
CREATE TABLE `post` (
  `id` int NOT NULL AUTO_INCREMENT,
  `idfarmer` int NOT NULL,
  `iddiscussion` int NOT NULL,
  `comment` varchar(500) NOT NULL,
  `datehour` datetime NOT NULL DEFAULT CURRENT_TIMESTAMP,
  PRIMARY KEY (`id`),
  UNIQUE KEY `id_UNIQUE` (`id`),
  KEY `FK_farmer_post_idx` (`idfarmer`),
  KEY `FK_discussion_post_idx` (`iddiscussion`),
  CONSTRAINT `FK_discussion_post` FOREIGN KEY (`iddiscussion`) REFERENCES `discussion` (`id`) ON DELETE CASCADE ON UPDATE CASCADE,
  CONSTRAINT `FK_farmer_post` FOREIGN KEY (`idfarmer`) REFERENCES `user` (`id`) ON UPDATE CASCADE
) ENGINE=InnoDB AUTO_INCREMENT=184 DEFAULT CHARSET=utf8mb4 COLLATE=utf8mb4_0900_ai_ci;
/*!40101 SET character_set_client = @saved_cs_client */;

--
-- Dumping data for table `post`
--

LOCK TABLES `post` WRITE;
/*!40000 ALTER TABLE `post` DISABLE KEYS */;
INSERT INTO `post` VALUES (1,3,1,'Here we can exchange our marvelous ideas.','2022-01-25 13:33:11'),(2,4,1,'Wonderful.','2022-01-25 13:34:09'),(3,5,1,'Great idea, Mr. Bucciarati.','2022-01-25 13:35:57'),(179,3,175,'TESTDISCUSSION','2022-02-06 17:06:58'),(180,3,176,'TESTPOST','2022-02-06 17:06:58'),(181,3,177,'TESTPOST2','2022-02-06 17:06:58'),(182,3,178,'TESTPOST3','2022-02-06 17:06:59'),(183,3,179,'TESTPOST4','2022-02-06 17:06:59');
/*!40000 ALTER TABLE `post` ENABLE KEYS */;
UNLOCK TABLES;

--
-- Table structure for table `production`
--

DROP TABLE IF EXISTS `production`;
/*!40101 SET @saved_cs_client     = @@character_set_client */;
/*!50503 SET character_set_client = utf8mb4 */;
CREATE TABLE `production` (
  `id` int NOT NULL AUTO_INCREMENT,
  `typeofproduct` int NOT NULL,
  `amount` int NOT NULL,
  `date` date NOT NULL,
  `comment` varchar(45) NOT NULL,
  `idfarm` int NOT NULL,
  PRIMARY KEY (`id`),
  UNIQUE KEY `id_UNIQUE` (`id`),
  KEY `FK_farm_production_idx` (`idfarm`),
  CONSTRAINT `FK_farm_production` FOREIGN KEY (`idfarm`) REFERENCES `farm` (`id`) ON DELETE CASCADE ON UPDATE CASCADE
) ENGINE=InnoDB AUTO_INCREMENT=275 DEFAULT CHARSET=utf8mb4 COLLATE=utf8mb4_0900_ai_ci;
/*!40101 SET character_set_client = @saved_cs_client */;

--
-- Dumping data for table `production`
--

LOCK TABLES `production` WRITE;
/*!40000 ALTER TABLE `production` DISABLE KEYS */;
INSERT INTO `production` VALUES (1,5,220,'2021-12-22','Everything ok!',2),(2,6,150,'2021-12-23','Extremely harsh weather conditions.',3),(3,4,150,'2021-12-27','Everything ok!',1),(4,2,300,'2021-05-15','Everything ok!',2),(5,2,10,'2021-11-13','bad..total failure',4),(6,5,100,'2021-12-10','we did what we could',5),(7,5,234,'2021-07-08','mindblowing',3),(8,2,25,'2021-12-01','terrible year',4),(9,4,400,'2021-12-09','yeah',2),(10,1,190,'2021-06-24','Everything ok',6),(11,4,100,'2021-06-21','Everything ok',6),(12,3,25,'2021-05-19','Everything ok',7),(13,1,49,'2021-09-13','Everything ok',7),(14,2,75,'2021-04-15','Everything ok',7),(15,3,18,'2021-05-16','Everything ok',6),(16,1,23,'2021-07-14','scarse rain',2),(17,2,33,'2021-02-12','drought',3),(18,3,100,'2021-01-09','good',1),(19,4,150,'2021-12-23','ok',5),(20,5,216,'2021-10-08','nothing to say',4),(21,0,99,'2021-08-24','nothing to say',4),(22,0,23,'2022-02-01','Everything OK!',1),(23,3,100,'2022-01-04','okok',1),(24,0,34,'2021-03-01','awesome',1),(26,0,100,'2019-01-01','TEST',1),(27,0,100,'2019-01-01','TEST',1),(29,0,10000,'2018-01-01','Everything OK!',1),(30,0,100,'2019-01-01','TEST',1),(273,0,100,'2019-01-01','TESTA',1),(274,0,100,'2022-02-06','TESTA3',1);
/*!40000 ALTER TABLE `production` ENABLE KEYS */;
UNLOCK TABLES;

--
-- Table structure for table `request`
--

DROP TABLE IF EXISTS `request`;
/*!40101 SET @saved_cs_client     = @@character_set_client */;
/*!50503 SET character_set_client = utf8mb4 */;
CREATE TABLE `request` (
  `id` int NOT NULL AUTO_INCREMENT,
  `comment` varchar(250) NOT NULL,
  `datehour` datetime NOT NULL DEFAULT CURRENT_TIMESTAMP,
  `state` int NOT NULL,
  `type` int NOT NULL,
  `idfarmer` int NOT NULL,
  PRIMARY KEY (`id`),
  UNIQUE KEY `id_UNIQUE` (`id`),
  KEY `FK_farmer_request_idx` (`idfarmer`),
  CONSTRAINT `FK_farmer_request` FOREIGN KEY (`idfarmer`) REFERENCES `user` (`id`) ON UPDATE CASCADE
) ENGINE=InnoDB AUTO_INCREMENT=3 DEFAULT CHARSET=utf8mb4 COLLATE=utf8mb4_0900_ai_ci;
/*!40101 SET character_set_client = @saved_cs_client */;

--
-- Dumping data for table `request`
--

LOCK TABLES `request` WRITE;
/*!40000 ALTER TABLE `request` DISABLE KEYS */;
INSERT INTO `request` VALUES (1,'Help me, please!!','2022-01-26 13:21:25',1,0,4),(2,'I need an advise','2022-01-25 13:18:19',1,1,5);
/*!40000 ALTER TABLE `request` ENABLE KEYS */;
UNLOCK TABLES;

--
-- Table structure for table `test`
--

DROP TABLE IF EXISTS `test`;
/*!40101 SET @saved_cs_client     = @@character_set_client */;
/*!50503 SET character_set_client = utf8mb4 */;
CREATE TABLE `test` (
  `id` int NOT NULL AUTO_INCREMENT,
  `testvalue` varchar(45) NOT NULL,
  PRIMARY KEY (`id`),
  UNIQUE KEY `id_UNIQUE` (`id`)
) ENGINE=InnoDB AUTO_INCREMENT=20 DEFAULT CHARSET=utf8mb4 COLLATE=utf8mb4_0900_ai_ci;
/*!40101 SET character_set_client = @saved_cs_client */;

--
-- Dumping data for table `test`
--

LOCK TABLES `test` WRITE;
/*!40000 ALTER TABLE `test` DISABLE KEYS */;
INSERT INTO `test` VALUES (1,'TestSuccessful value'),(5,'TestSuccessful ciao'),(6,'TestSuccessful ciao'),(7,'TestSuccessful ciao'),(8,'TestSuccessful ciao'),(9,'TestSuccessful ciao'),(10,'TestSuccessful ciao'),(11,'TestSuccessful ciao'),(12,'TestSuccessful ciao'),(13,'TestSuccessful ciao'),(14,'TestSuccessful ciao'),(15,'TestSuccessful ciao'),(16,'TestSuccessful ciao'),(17,'TestSuccessful ciao'),(18,'TestSuccessful ciao'),(19,'TestSuccessful ciao');
/*!40000 ALTER TABLE `test` ENABLE KEYS */;
UNLOCK TABLES;

--
-- Table structure for table `user`
--

DROP TABLE IF EXISTS `user`;
/*!40101 SET @saved_cs_client     = @@character_set_client */;
/*!50503 SET character_set_client = utf8mb4 */;
CREATE TABLE `user` (
  `id` int NOT NULL AUTO_INCREMENT,
  `name` varchar(45) DEFAULT NULL,
  `surname` varchar(45) DEFAULT NULL,
  `mail` varchar(45) NOT NULL,
  `password` varchar(45) NOT NULL,
  `usertype` int NOT NULL,
  PRIMARY KEY (`id`),
  UNIQUE KEY `id_UNIQUE` (`id`),
  UNIQUE KEY `mail_UNIQUE` (`mail`)
) ENGINE=InnoDB AUTO_INCREMENT=12 DEFAULT CHARSET=utf8mb4 COLLATE=utf8mb4_0900_ai_ci;
/*!40101 SET character_set_client = @saved_cs_client */;

--
-- Dumping data for table `user`
--

LOCK TABLES `user` WRITE;
/*!40000 ALTER TABLE `user` DISABLE KEYS */;
INSERT INTO `user` VALUES (1,'Joseph','Polnareff','policymaker@mail.com','policymaker',0),(2,'Giorno','Giovanna','agronomist@mail.com','agronomist',1),(3,'Bruno','Bucciarati','farmer@mail.com','farmer',2),(4,'Jolyne','Cujoh','farmer2@mail.com','farmer2',2),(5,'Ferdinando','Brando','farmer3@mail.com','farmer3',2),(6,'Indah','Kamal','farmer4@mail.com','farmer4',2),(7,'Burpa','Kalifah','farmer5@mail.com','farmer5',2),(8,'Inaya','Dhruv','agronomist2@mail.com','agronomist2',1),(9,'Tamia','Mia','farmer6@mail.com','farmer6',2),(10,'Sitara','Tonnarah','agronomist3@mail.com','agronomist3',1),(11,'Indah','Cujjohe','farmer7@mail.com','farmer7',2);
/*!40000 ALTER TABLE `user` ENABLE KEYS */;
UNLOCK TABLES;

--
-- Table structure for table `usertype`
--

DROP TABLE IF EXISTS `usertype`;
/*!40101 SET @saved_cs_client     = @@character_set_client */;
/*!50503 SET character_set_client = utf8mb4 */;
CREATE TABLE `usertype` (
  `id` int NOT NULL,
  `type` varchar(45) NOT NULL,
  PRIMARY KEY (`id`)
) ENGINE=InnoDB DEFAULT CHARSET=utf8mb4 COLLATE=utf8mb4_0900_ai_ci;
/*!40101 SET character_set_client = @saved_cs_client */;

--
-- Dumping data for table `usertype`
--

LOCK TABLES `usertype` WRITE;
/*!40000 ALTER TABLE `usertype` DISABLE KEYS */;
/*!40000 ALTER TABLE `usertype` ENABLE KEYS */;
UNLOCK TABLES;

--
-- Table structure for table `visit`
--

DROP TABLE IF EXISTS `visit`;
/*!40101 SET @saved_cs_client     = @@character_set_client */;
/*!50503 SET character_set_client = utf8mb4 */;
CREATE TABLE `visit` (
  `id` int NOT NULL AUTO_INCREMENT,
  `datehour` datetime NOT NULL DEFAULT CURRENT_TIMESTAMP,
  `comment` varchar(45) DEFAULT NULL,
  `state` int NOT NULL,
  `idfarm` int NOT NULL,
  `iddailyplan` int NOT NULL,
  PRIMARY KEY (`id`),
  UNIQUE KEY `id_UNIQUE` (`id`),
  KEY `FK_farm_visit_idx` (`idfarm`),
  KEY `FK_dailyplan_visit_idx` (`iddailyplan`),
  CONSTRAINT `FK_dailyplan_visit` FOREIGN KEY (`iddailyplan`) REFERENCES `dailyplan` (`id`) ON DELETE CASCADE ON UPDATE CASCADE,
  CONSTRAINT `FK_farm_visit` FOREIGN KEY (`idfarm`) REFERENCES `farm` (`id`) ON DELETE CASCADE ON UPDATE CASCADE
) ENGINE=InnoDB AUTO_INCREMENT=3 DEFAULT CHARSET=utf8mb4 COLLATE=utf8mb4_0900_ai_ci;
/*!40101 SET character_set_client = @saved_cs_client */;

--
-- Dumping data for table `visit`
--

LOCK TABLES `visit` WRITE;
/*!40000 ALTER TABLE `visit` DISABLE KEYS */;
INSERT INTO `visit` VALUES (1,'2022-01-25 13:38:55','Routine visit, everything ok.',0,1,1),(2,'2022-01-25 13:39:49','Emergency visit, problem found.',0,2,2);
/*!40000 ALTER TABLE `visit` ENABLE KEYS */;
UNLOCK TABLES;

--
-- Table structure for table `waterconsumption`
--

DROP TABLE IF EXISTS `waterconsumption`;
/*!40101 SET @saved_cs_client     = @@character_set_client */;
/*!50503 SET character_set_client = utf8mb4 */;
CREATE TABLE `waterconsumption` (
  `id` int NOT NULL AUTO_INCREMENT,
  `amount` int NOT NULL,
  `date` date NOT NULL,
  `idfarm` int NOT NULL,
  PRIMARY KEY (`id`),
  UNIQUE KEY `id_UNIQUE` (`id`),
  KEY `FK_farm_wateconsumption_idx` (`idfarm`),
  CONSTRAINT `FK_farm_wateconsumption` FOREIGN KEY (`idfarm`) REFERENCES `farm` (`id`) ON DELETE CASCADE ON UPDATE CASCADE
) ENGINE=InnoDB AUTO_INCREMENT=18 DEFAULT CHARSET=utf8mb4 COLLATE=utf8mb4_0900_ai_ci;
/*!40101 SET character_set_client = @saved_cs_client */;

--
-- Dumping data for table `waterconsumption`
--

LOCK TABLES `waterconsumption` WRITE;
/*!40000 ALTER TABLE `waterconsumption` DISABLE KEYS */;
INSERT INTO `waterconsumption` VALUES (1,750,'2022-01-25',1),(2,2000,'2022-01-23',3),(3,800,'2022-01-24',2),(4,100,'2022-03-21',4),(5,500,'2022-03-21',5),(6,300,'2022-03-21',6),(7,5000,'2022-03-21',7),(8,1000,'2022-03-21',4),(9,500,'2021-04-29',5),(10,3000,'2021-03-21',6),(11,5000,'2021-03-21',7),(12,3000,'2021-03-21',6),(13,1000,'2022-08-21',2),(14,500,'2021-08-29',5),(15,3000,'2021-08-21',3),(16,5000,'2021-08-21',1),(17,3000,'2021-08-21',7);
/*!40000 ALTER TABLE `waterconsumption` ENABLE KEYS */;
UNLOCK TABLES;

--
-- Dumping events for database 'se2_bertelli_savino_vinati'
--

--
-- Dumping routines for database 'se2_bertelli_savino_vinati'
--
/*!40103 SET TIME_ZONE=@OLD_TIME_ZONE */;

/*!40101 SET SQL_MODE=@OLD_SQL_MODE */;
/*!40014 SET FOREIGN_KEY_CHECKS=@OLD_FOREIGN_KEY_CHECKS */;
/*!40014 SET UNIQUE_CHECKS=@OLD_UNIQUE_CHECKS */;
/*!40101 SET CHARACTER_SET_CLIENT=@OLD_CHARACTER_SET_CLIENT */;
/*!40101 SET CHARACTER_SET_RESULTS=@OLD_CHARACTER_SET_RESULTS */;
/*!40101 SET COLLATION_CONNECTION=@OLD_COLLATION_CONNECTION */;
/*!40111 SET SQL_NOTES=@OLD_SQL_NOTES */;

-- Dump completed on 2022-02-06 17:15:19
